{"v":"5.1.20","fr":60,"ip":0,"op":150,"w":320,"h":480,"nm":"320x480","ddd":0,"assets":[{"id":"image_0","w":340,"h":290,"u":"images/","p":"img_0.png","e":0}],"layers":[{"ddd":0,"ind":1,"ty":4,"nm":"Для водителей Outlines","parent":5,"sr":1,"ks":{"o":{"a":1,"k":[{"i":{"x":[0.343],"y":[1]},"o":{"x":[0.333],"y":[0]},"n":["0p343_1_0p333_0"],"t":82.082,"s":[0],"e":[100]},{"t":116.115234375}],"ix":11},"r":{"a":0,"k":0,"ix":10},"p":{"a":0,"k":[293,185.5,0],"ix":2},"a":{"a":0,"k":[0,0,0],"ix":1},"s":{"a":0,"k":[126.523,126.523,100],"ix":6}},"ao":0,"shapes":[{"ty":"gr","it":[{"ind":0,"ty":"sh","ix":1,"ks":{"a":0,"k":{"i":[[0,0],[0,0],[0,0],[0,0],[0.962,-3.261],[1.353,-2.276],[0,0],[0,0],[0,0],[0,0],[0,0],[0,0],[0,0]],"o":[[0,0],[0,0],[0,0],[-0.105,2.698],[-0.962,3.261],[0,0],[0,0],[0,0],[0,0],[0,0],[0,0],[0,0],[0,0]],"v":[[-103.745,-2.03],[-106.184,-2.03],[-106.184,-19.274],[-114.846,-19.274],[-116.448,-10.336],[-119.922,-2.03],[-121.411,-2.03],[-121.411,5.023],[-119.276,5.023],[-119.276,0],[-105.881,0],[-105.881,5.023],[-103.745,5.023]],"c":true},"ix":2},"nm":"Д","mn":"ADBE Vector Shape - Group","hd":false},{"ind":1,"ty":"sh","ix":2,"ks":{"a":0,"k":{"i":[[0,0],[-0.905,2.984],[-0.158,2.127],[0,0],[0,0]],"o":[[1.204,-2.057],[0.905,-2.984],[0,0],[0,0],[0,0]],"v":[[-117.575,-2.03],[-114.411,-9.591],[-112.816,-17.257],[-108.426,-17.257],[-108.426,-2.03]],"c":true},"ix":2},"nm":"Д","mn":"ADBE Vector Shape - Group","hd":false},{"ty":"mm","mm":1,"nm":"Merge Paths 1","mn":"ADBE Vector Filter - Merge","hd":false},{"ty":"fl","c":{"a":0,"k":[1,1,1,1],"ix":4},"o":{"a":0,"k":100,"ix":5},"r":1,"nm":"Fill 1","mn":"ADBE Vector Graphic - Fill","hd":false},{"ty":"tr","p":{"a":0,"k":[0,0],"ix":2},"a":{"a":0,"k":[0,0],"ix":1},"s":{"a":0,"k":[100,100],"ix":3},"r":{"a":0,"k":0,"ix":6},"o":{"a":0,"k":100,"ix":7},"sk":{"a":0,"k":0,"ix":4},"sa":{"a":0,"k":0,"ix":5},"nm":"Transform"}],"nm":"Д","np":5,"cix":2,"ix":1,"mn":"ADBE Vector Group","hd":false},{"ty":"gr","it":[{"ind":0,"ty":"sh","ix":1,"ks":{"a":0,"k":{"i":[[0,0],[0,0],[0.409,-2.641],[0.268,-0.945],[0.347,-0.382],[0.466,0],[0.475,0.229],[0,0],[-0.651,0],[-0.668,0.765],[-0.409,1.947],[-0.536,4.21],[0,0],[0,0],[0,0],[0,0]],"o":[[0,0],[-0.492,3.867],[-0.409,2.641],[-0.268,0.945],[-0.347,0.382],[-0.519,0],[0,0],[0.518,0.22],[1.107,0.018],[0.668,-0.765],[0.409,-1.947],[0,0],[0,0],[0,0],[0,0],[0,0]],"v":[[-85.171,-19.274],[-95.534,-19.274],[-96.885,-9.512],[-97.9,-4.133],[-98.823,-2.142],[-100.042,-1.569],[-101.532,-1.912],[-101.532,-0.026],[-99.779,0.303],[-97.116,-0.817],[-95.501,-4.885],[-94.083,-14.12],[-93.675,-17.284],[-87.413,-17.284],[-87.413,0],[-85.171,0]],"c":true},"ix":2},"nm":"л","mn":"ADBE Vector Shape - Group","hd":false},{"ty":"fl","c":{"a":0,"k":[1,1,1,1],"ix":4},"o":{"a":0,"k":100,"ix":5},"r":1,"nm":"Fill 1","mn":"ADBE Vector Graphic - Fill","hd":false},{"ty":"tr","p":{"a":0,"k":[0,0],"ix":2},"a":{"a":0,"k":[0,0],"ix":1},"s":{"a":0,"k":[100,100],"ix":3},"r":{"a":0,"k":0,"ix":6},"o":{"a":0,"k":100,"ix":7},"sk":{"a":0,"k":0,"ix":4},"sa":{"a":0,"k":0,"ix":5},"nm":"Transform"}],"nm":"л","np":3,"cix":2,"ix":2,"mn":"ADBE Vector Group","hd":false},{"ty":"gr","it":[{"ind":0,"ty":"sh","ix":1,"ks":{"a":0,"k":{"i":[[0,0],[0,0],[0,0],[0,0],[0,0],[1.191,-0.927],[0,-1.723],[-0.642,-0.91],[-1.415,-0.448],[0,0],[0,0],[0,0]],"o":[[0,0],[0,0],[0,0],[0,0],[-2.417,0],[-1.191,0.927],[0,1.389],[0.641,0.91],[0,0],[0,0],[0,0],[0,0]],"v":[[-68.614,-8.042],[-68.614,0],[-66.373,0],[-66.373,-19.274],[-71.673,-19.274],[-77.085,-17.884],[-78.871,-13.909],[-77.909,-10.461],[-74.824,-8.424],[-80.229,0],[-77.579,0],[-72.53,-8.042]],"c":true},"ix":2},"nm":"я","mn":"ADBE Vector Shape - Group","hd":false},{"ind":1,"ty":"sh","ix":2,"ks":{"a":0,"k":{"i":[[0,0],[0,0],[0,2.558],[-0.835,0.554],[-1.608,0],[0,0]],"o":[[0,0],[-3.331,0],[0,-1.248],[0.835,-0.554],[0,0],[0,0]],"v":[[-68.614,-9.967],[-71.528,-9.967],[-76.524,-13.803],[-75.272,-16.506],[-71.607,-17.336],[-68.614,-17.336]],"c":true},"ix":2},"nm":"я","mn":"ADBE Vector Shape - Group","hd":false},{"ty":"mm","mm":1,"nm":"Merge Paths 1","mn":"ADBE Vector Filter - Merge","hd":false},{"ty":"fl","c":{"a":0,"k":[1,1,1,1],"ix":4},"o":{"a":0,"k":100,"ix":5},"r":1,"nm":"Fill 1","mn":"ADBE Vector Graphic - Fill","hd":false},{"ty":"tr","p":{"a":0,"k":[0,0],"ix":2},"a":{"a":0,"k":[0,0],"ix":1},"s":{"a":0,"k":[100,100],"ix":3},"r":{"a":0,"k":0,"ix":6},"o":{"a":0,"k":100,"ix":7},"sk":{"a":0,"k":0,"ix":4},"sa":{"a":0,"k":0,"ix":5},"nm":"Transform"}],"nm":"я","np":5,"cix":2,"ix":3,"mn":"ADBE Vector Group","hd":false},{"ty":"gr","it":[{"ind":0,"ty":"sh","ix":1,"ks":{"a":0,"k":{"i":[[0,0],[0,0],[-1.165,0.967],[0,1.723],[2.927,0.501],[0,0],[-0.637,0.743],[0,1.143],[1.142,0.765],[2.558,0],[0,0]],"o":[[0,0],[2.092,0],[1.164,-0.967],[0,-2.575],[0,0],[1.222,-0.22],[0.637,-0.743],[0,-1.652],[-1.143,-0.765],[0,0],[0,0]],"v":[[-50.82,0],[-44.096,0],[-39.211,-1.45],[-37.465,-5.484],[-41.855,-10.099],[-41.855,-10.23],[-39.066,-11.674],[-38.111,-14.502],[-39.824,-18.127],[-45.375,-19.274],[-50.82,-19.274]],"c":true},"ix":2},"nm":"в","mn":"ADBE Vector Shape - Group","hd":false},{"ind":1,"ty":"sh","ix":2,"ks":{"a":0,"k":{"i":[[0,0],[0,0],[-0.774,-0.479],[0,-1.081],[0.694,-0.496],[1.582,0],[0,0]],"o":[[0,0],[1.688,0],[0.773,0.479],[0,1.178],[-0.694,0.497],[0,0],[0,0]],"v":[[-48.578,-17.336],[-45.282,-17.336],[-41.591,-16.618],[-40.431,-14.278],[-41.472,-11.766],[-44.887,-11.021],[-48.578,-11.021]],"c":true},"ix":2},"nm":"в","mn":"ADBE Vector Shape - Group","hd":false},{"ind":2,"ty":"sh","ix":3,"ks":{"a":0,"k":{"i":[[0,0],[-0.804,-0.562],[0,-1.195],[0.786,-0.602],[1.556,0],[0,0],[0,0]],"o":[[1.643,0],[0.804,0.563],[0,1.283],[-0.787,0.602],[0,0],[0,0],[0,0]],"v":[[-44.742,-9.123],[-41.07,-8.279],[-39.864,-5.643],[-41.044,-2.815],[-44.557,-1.912],[-48.578,-1.912],[-48.578,-9.123]],"c":true},"ix":2},"nm":"в","mn":"ADBE Vector Shape - Group","hd":false},{"ty":"mm","mm":1,"nm":"Merge Paths 1","mn":"ADBE Vector Filter - Merge","hd":false},{"ty":"fl","c":{"a":0,"k":[1,1,1,1],"ix":4},"o":{"a":0,"k":100,"ix":5},"r":1,"nm":"Fill 1","mn":"ADBE Vector Graphic - Fill","hd":false},{"ty":"tr","p":{"a":0,"k":[0,0],"ix":2},"a":{"a":0,"k":[0,0],"ix":1},"s":{"a":0,"k":[100,100],"ix":3},"r":{"a":0,"k":0,"ix":6},"o":{"a":0,"k":100,"ix":7},"sk":{"a":0,"k":0,"ix":4},"sa":{"a":0,"k":0,"ix":5},"nm":"Transform"}],"nm":"в","np":6,"cix":2,"ix":4,"mn":"ADBE Vector Group","hd":false},{"ty":"gr","it":[{"ind":0,"ty":"sh","ix":1,"ks":{"a":0,"k":{"i":[[1.556,1.758],[2.769,0],[1.547,-1.727],[0,-3.138],[-1.542,-1.736],[-2.839,0],[-1.56,1.767],[0,3.085]],"o":[[-1.556,-1.758],[-2.848,0],[-1.547,1.727],[0,3.164],[1.542,1.736],[2.777,0],[1.56,-1.767],[0,-3.094]],"v":[[-17.308,-16.941],[-23.795,-19.578],[-30.387,-16.987],[-32.707,-9.69],[-30.393,-2.34],[-23.821,0.264],[-17.315,-2.386],[-14.975,-9.664]],"c":true},"ix":2},"nm":"о","mn":"ADBE Vector Shape - Group","hd":false},{"ind":1,"ty":"sh","ix":2,"ks":{"a":0,"k":{"i":[[-1.112,1.349],[-2.136,0],[-1.086,-1.34],[0,-2.593],[1.09,-1.345],[2.136,0],[1.112,1.349],[0,2.61]],"o":[[1.112,-1.349],[2.127,0],[1.085,1.34],[0,2.619],[-1.09,1.345],[-2.118,0],[-1.112,-1.349],[0,-2.575]],"v":[[-28.666,-15.55],[-23.795,-17.574],[-18.976,-15.563],[-17.348,-9.664],[-18.983,-3.718],[-23.821,-1.701],[-28.666,-3.724],[-30.334,-9.664]],"c":true},"ix":2},"nm":"о","mn":"ADBE Vector Shape - Group","hd":false},{"ty":"mm","mm":1,"nm":"Merge Paths 1","mn":"ADBE Vector Filter - Merge","hd":false},{"ty":"fl","c":{"a":0,"k":[1,1,1,1],"ix":4},"o":{"a":0,"k":100,"ix":5},"r":1,"nm":"Fill 1","mn":"ADBE Vector Graphic - Fill","hd":false},{"ty":"tr","p":{"a":0,"k":[0,0],"ix":2},"a":{"a":0,"k":[0,0],"ix":1},"s":{"a":0,"k":[100,100],"ix":3},"r":{"a":0,"k":0,"ix":6},"o":{"a":0,"k":100,"ix":7},"sk":{"a":0,"k":0,"ix":4},"sa":{"a":0,"k":0,"ix":5},"nm":"Transform"}],"nm":"о","np":5,"cix":2,"ix":5,"mn":"ADBE Vector Group","hd":false},{"ty":"gr","it":[{"ind":0,"ty":"sh","ix":1,"ks":{"a":0,"k":{"i":[[0,0],[0,0],[0,0],[0,0],[0.962,-3.261],[1.353,-2.276],[0,0],[0,0],[0,0],[0,0],[0,0],[0,0],[0,0]],"o":[[0,0],[0,0],[0,0],[-0.105,2.698],[-0.962,3.261],[0,0],[0,0],[0,0],[0,0],[0,0],[0,0],[0,0],[0,0]],"v":[[6.144,-2.03],[3.705,-2.03],[3.705,-19.274],[-4.957,-19.274],[-6.559,-10.336],[-10.033,-2.03],[-11.522,-2.03],[-11.522,5.023],[-9.387,5.023],[-9.387,0],[4.008,0],[4.008,5.023],[6.144,5.023]],"c":true},"ix":2},"nm":"д","mn":"ADBE Vector Shape - Group","hd":false},{"ind":1,"ty":"sh","ix":2,"ks":{"a":0,"k":{"i":[[0,0],[-0.905,2.984],[-0.158,2.127],[0,0],[0,0]],"o":[[1.204,-2.057],[0.905,-2.984],[0,0],[0,0],[0,0]],"v":[[-7.686,-2.03],[-4.522,-9.591],[-2.927,-17.257],[1.463,-17.257],[1.463,-2.03]],"c":true},"ix":2},"nm":"д","mn":"ADBE Vector Shape - Group","hd":false},{"ty":"mm","mm":1,"nm":"Merge Paths 1","mn":"ADBE Vector Filter - Merge","hd":false},{"ty":"fl","c":{"a":0,"k":[1,1,1,1],"ix":4},"o":{"a":0,"k":100,"ix":5},"r":1,"nm":"Fill 1","mn":"ADBE Vector Graphic - Fill","hd":false},{"ty":"tr","p":{"a":0,"k":[0,0],"ix":2},"a":{"a":0,"k":[0,0],"ix":1},"s":{"a":0,"k":[100,100],"ix":3},"r":{"a":0,"k":0,"ix":6},"o":{"a":0,"k":100,"ix":7},"sk":{"a":0,"k":0,"ix":4},"sa":{"a":0,"k":0,"ix":5},"nm":"Transform"}],"nm":"д","np":5,"cix":2,"ix":6,"mn":"ADBE Vector Group","hd":false},{"ty":"gr","it":[{"ind":0,"ty":"sh","ix":1,"ks":{"a":0,"k":{"i":[[0,0],[0,0],[0,0],[0,0],[0,-1.767],[0,0],[0,0],[0,0],[0,0],[0,0],[0,0],[0,1.978],[0,0],[0,0]],"o":[[0,0],[0,0],[0,0],[-0.15,1.943],[0,0],[0,0],[0,0],[0,0],[0,0],[0,0],[0.123,-1.6],[0,0],[0,0],[0,0]],"v":[[11.033,0],[13.485,0],[24.309,-16.176],[24.428,-16.176],[24.204,-10.613],[24.204,0],[26.313,0],[26.313,-19.274],[23.861,-19.274],[13.05,-3.19],[12.945,-3.19],[13.129,-8.556],[13.129,-19.274],[11.033,-19.274]],"c":true},"ix":2},"nm":"и","mn":"ADBE Vector Shape - Group","hd":false},{"ty":"fl","c":{"a":0,"k":[1,1,1,1],"ix":4},"o":{"a":0,"k":100,"ix":5},"r":1,"nm":"Fill 1","mn":"ADBE Vector Graphic - Fill","hd":false},{"ty":"tr","p":{"a":0,"k":[0,0],"ix":2},"a":{"a":0,"k":[0,0],"ix":1},"s":{"a":0,"k":[100,100],"ix":3},"r":{"a":0,"k":0,"ix":6},"o":{"a":0,"k":100,"ix":7},"sk":{"a":0,"k":0,"ix":4},"sa":{"a":0,"k":0,"ix":5},"nm":"Transform"}],"nm":"и","np":3,"cix":2,"ix":7,"mn":"ADBE Vector Group","hd":false},{"ty":"gr","it":[{"ind":0,"ty":"sh","ix":1,"ks":{"a":0,"k":{"i":[[0,0],[0,0],[0,0],[0,0],[0,0],[0,0],[0,0],[0,0]],"o":[[0,0],[0,0],[0,0],[0,0],[0,0],[0,0],[0,0],[0,0]],"v":[[39.139,-17.284],[45.243,-17.284],[45.243,-19.274],[30.794,-19.274],[30.794,-17.284],[36.898,-17.284],[36.898,0],[39.139,0]],"c":true},"ix":2},"nm":"т","mn":"ADBE Vector Shape - Group","hd":false},{"ty":"fl","c":{"a":0,"k":[1,1,1,1],"ix":4},"o":{"a":0,"k":100,"ix":5},"r":1,"nm":"Fill 1","mn":"ADBE Vector Graphic - Fill","hd":false},{"ty":"tr","p":{"a":0,"k":[0,0],"ix":2},"a":{"a":0,"k":[0,0],"ix":1},"s":{"a":0,"k":[100,100],"ix":3},"r":{"a":0,"k":0,"ix":6},"o":{"a":0,"k":100,"ix":7},"sk":{"a":0,"k":0,"ix":4},"sa":{"a":0,"k":0,"ix":5},"nm":"Transform"}],"nm":"т","np":3,"cix":2,"ix":8,"mn":"ADBE Vector Group","hd":false},{"ty":"gr","it":[{"ind":0,"ty":"sh","ix":1,"ks":{"a":0,"k":{"i":[[0,0],[0,0],[0,0],[0,0],[0,0],[0,0],[0,0],[0,0],[0,0],[0,0],[0,0],[0,0]],"o":[[0,0],[0,0],[0,0],[0,0],[0,0],[0,0],[0,0],[0,0],[0,0],[0,0],[0,0],[0,0]],"v":[[60.508,-2.004],[52.005,-2.004],[52.005,-9.097],[59.994,-9.097],[59.994,-11.074],[52.005,-11.074],[52.005,-17.284],[60.508,-17.284],[60.508,-19.274],[49.763,-19.274],[49.763,0],[60.508,0]],"c":true},"ix":2},"nm":"е","mn":"ADBE Vector Shape - Group","hd":false},{"ty":"fl","c":{"a":0,"k":[1,1,1,1],"ix":4},"o":{"a":0,"k":100,"ix":5},"r":1,"nm":"Fill 1","mn":"ADBE Vector Graphic - Fill","hd":false},{"ty":"tr","p":{"a":0,"k":[0,0],"ix":2},"a":{"a":0,"k":[0,0],"ix":1},"s":{"a":0,"k":[100,100],"ix":3},"r":{"a":0,"k":0,"ix":6},"o":{"a":0,"k":100,"ix":7},"sk":{"a":0,"k":0,"ix":4},"sa":{"a":0,"k":0,"ix":5},"nm":"Transform"}],"nm":"е","np":3,"cix":2,"ix":9,"mn":"ADBE Vector Group","hd":false},{"ty":"gr","it":[{"ind":0,"ty":"sh","ix":1,"ks":{"a":0,"k":{"i":[[0,0],[0,0],[0.409,-2.641],[0.268,-0.945],[0.347,-0.382],[0.466,0],[0.475,0.229],[0,0],[-0.651,0],[-0.668,0.765],[-0.409,1.947],[-0.536,4.21],[0,0],[0,0],[0,0],[0,0]],"o":[[0,0],[-0.492,3.867],[-0.409,2.641],[-0.268,0.945],[-0.347,0.382],[-0.519,0],[0,0],[0.518,0.22],[1.107,0.018],[0.668,-0.765],[0.409,-1.947],[0,0],[0,0],[0,0],[0,0],[0,0]],"v":[[80.11,-19.274],[69.748,-19.274],[68.397,-9.512],[67.382,-4.133],[66.459,-2.142],[65.239,-1.569],[63.75,-1.912],[63.75,-0.026],[65.503,0.303],[68.166,-0.817],[69.781,-4.885],[71.198,-14.12],[71.607,-17.284],[77.869,-17.284],[77.869,0],[80.11,0]],"c":true},"ix":2},"nm":"л","mn":"ADBE Vector Shape - Group","hd":false},{"ty":"fl","c":{"a":0,"k":[1,1,1,1],"ix":4},"o":{"a":0,"k":100,"ix":5},"r":1,"nm":"Fill 1","mn":"ADBE Vector Graphic - Fill","hd":false},{"ty":"tr","p":{"a":0,"k":[0,0],"ix":2},"a":{"a":0,"k":[0,0],"ix":1},"s":{"a":0,"k":[100,100],"ix":3},"r":{"a":0,"k":0,"ix":6},"o":{"a":0,"k":100,"ix":7},"sk":{"a":0,"k":0,"ix":4},"sa":{"a":0,"k":0,"ix":5},"nm":"Transform"}],"nm":"л","np":3,"cix":2,"ix":10,"mn":"ADBE Vector Group","hd":false},{"ty":"gr","it":[{"ind":0,"ty":"sh","ix":1,"ks":{"a":0,"k":{"i":[[0,0],[0,0],[0,0],[0,0],[0,0],[0,0],[0,0],[0,0],[0,0],[0,0],[0,0],[0,0]],"o":[[0,0],[0,0],[0,0],[0,0],[0,0],[0,0],[0,0],[0,0],[0,0],[0,0],[0,0],[0,0]],"v":[[97.775,-2.004],[89.271,-2.004],[89.271,-9.097],[97.261,-9.097],[97.261,-11.074],[89.271,-11.074],[89.271,-17.284],[97.775,-17.284],[97.775,-19.274],[87.03,-19.274],[87.03,0],[97.775,0]],"c":true},"ix":2},"nm":"е","mn":"ADBE Vector Shape - Group","hd":false},{"ty":"fl","c":{"a":0,"k":[1,1,1,1],"ix":4},"o":{"a":0,"k":100,"ix":5},"r":1,"nm":"Fill 1","mn":"ADBE Vector Graphic - Fill","hd":false},{"ty":"tr","p":{"a":0,"k":[0,0],"ix":2},"a":{"a":0,"k":[0,0],"ix":1},"s":{"a":0,"k":[100,100],"ix":3},"r":{"a":0,"k":0,"ix":6},"o":{"a":0,"k":100,"ix":7},"sk":{"a":0,"k":0,"ix":4},"sa":{"a":0,"k":0,"ix":5},"nm":"Transform"}],"nm":"е","np":3,"cix":2,"ix":11,"mn":"ADBE Vector Group","hd":false},{"ty":"gr","it":[{"ind":0,"ty":"sh","ix":1,"ks":{"a":0,"k":{"i":[[0,0],[0,0],[0,0],[0,0],[0,-1.767],[0,0],[0,0],[0,0],[0,0],[0,0],[0,0],[0,1.978],[0,0],[0,0]],"o":[[0,0],[0,0],[0,0],[-0.15,1.943],[0,0],[0,0],[0,0],[0,0],[0,0],[0,0],[0.123,-1.6],[0,0],[0,0],[0,0]],"v":[[103.693,0],[106.145,0],[116.969,-16.176],[117.087,-16.176],[116.863,-10.613],[116.863,0],[118.972,0],[118.972,-19.274],[116.52,-19.274],[105.71,-3.19],[105.604,-3.19],[105.789,-8.556],[105.789,-19.274],[103.693,-19.274]],"c":true},"ix":2},"nm":"й","mn":"ADBE Vector Shape - Group","hd":false},{"ind":1,"ty":"sh","ix":2,"ks":{"a":0,"k":{"i":[[-0.782,0.655],[-0.105,1.389],[0,0],[0.435,-0.387],[0.905,0],[0.4,0.36],[0.079,0.914],[0,0],[-0.747,-0.628],[-1.626,0]],"o":[[0.782,-0.655],[0,0],[-0.097,0.861],[-0.435,0.387],[-0.993,0],[-0.4,-0.36],[0,0],[0.088,1.442],[0.747,0.628],[1.617,0]],"v":[[115.281,-21.799],[116.613,-24.864],[114.543,-24.864],[113.745,-22.992],[111.735,-22.412],[109.645,-22.953],[108.927,-24.864],[106.87,-24.864],[108.122,-21.76],[111.682,-20.817]],"c":true},"ix":2},"nm":"й","mn":"ADBE Vector Shape - Group","hd":false},{"ty":"mm","mm":1,"nm":"Merge Paths 1","mn":"ADBE Vector Filter - Merge","hd":false},{"ty":"fl","c":{"a":0,"k":[1,1,1,1],"ix":4},"o":{"a":0,"k":100,"ix":5},"r":1,"nm":"Fill 1","mn":"ADBE Vector Graphic - Fill","hd":false},{"ty":"tr","p":{"a":0,"k":[0,0],"ix":2},"a":{"a":0,"k":[0,0],"ix":1},"s":{"a":0,"k":[100,100],"ix":3},"r":{"a":0,"k":0,"ix":6},"o":{"a":0,"k":100,"ix":7},"sk":{"a":0,"k":0,"ix":4},"sa":{"a":0,"k":0,"ix":5},"nm":"Transform"}],"nm":"й","np":5,"cix":2,"ix":12,"mn":"ADBE Vector Group","hd":false}],"ip":0,"op":1807.80780780781,"st":0,"bm":0},{"ddd":0,"ind":2,"ty":2,"nm":"320.png","cl":"png","refId":"image_0","sr":1,"ks":{"o":{"a":0,"k":100,"ix":11},"r":{"a":0,"k":0,"ix":10},"p":{"s":true,"x":{"a":1,"k":[{"i":{"x":[0.309],"y":[1]},"o":{"x":[0.012],"y":[0.243]},"n":["0p309_1_0p012_0p243"],"t":0,"s":[-492],"e":[49]},{"t":62.0625}],"ix":3},"y":{"a":1,"k":[{"i":{"x":[0.356],"y":[1]},"o":{"x":[0.012],"y":[0.284]},"n":["0p356_1_0p012_0p284"],"t":0,"s":[-16],"e":[304]},{"t":62.0625}],"ix":4}},"a":{"a":0,"k":[170,145,0],"ix":1},"s":{"a":0,"k":[100,100,100],"ix":6}},"ao":0,"ip":0,"op":1807.80780780781,"st":0,"bm":0},{"ddd":0,"ind":4,"ty":4,"nm":"Line Outlines","parent":5,"sr":1,"ks":{"o":{"a":1,"k":[{"i":{"x":[0.343],"y":[1]},"o":{"x":[0.333],"y":[0]},"n":["0p343_1_0p333_0"],"t":82.082,"s":[0],"e":[100]},{"t":116.115234375}],"ix":11},"r":{"a":0,"k":0,"ix":10},"p":{"a":0,"k":[296.333,125.5,0],"ix":2},"a":{"a":0,"k":[152,1.5,0],"ix":1},"s":{"a":0,"k":[133.333,133.333,100],"ix":6}},"ao":0,"shapes":[{"ty":"gr","it":[{"ind":0,"ty":"sh","ix":1,"ks":{"a":0,"k":{"i":[[0,0],[0,0]],"o":[[0,0],[0,0]],"v":[[-49.906,1.561],[253.112,1.561]],"c":false},"ix":2},"nm":"Path 1","mn":"ADBE Vector Shape - Group","hd":false},{"ty":"st","c":{"a":0,"k":[1,1,1,1],"ix":3},"o":{"a":0,"k":100,"ix":4},"w":{"a":0,"k":1,"ix":5},"lc":1,"lj":1,"ml":4,"nm":"Stroke 1","mn":"ADBE Vector Graphic - Stroke","hd":false},{"ty":"tr","p":{"a":0,"k":[3.333,0],"ix":2},"a":{"a":0,"k":[0,0],"ix":1},"s":{"a":0,"k":[145,145],"ix":3},"r":{"a":0,"k":0,"ix":6},"o":{"a":0,"k":100,"ix":7},"sk":{"a":0,"k":0,"ix":4},"sa":{"a":0,"k":0,"ix":5},"nm":"Transform"}],"nm":"Group 1","np":2,"cix":2,"ix":1,"mn":"ADBE Vector Group","hd":false}],"ip":0,"op":1807.80780780781,"st":0,"bm":0},{"ddd":0,"ind":5,"ty":4,"nm":"logo-t2r_inline-new Outlines","sr":1,"ks":{"o":{"a":1,"k":[{"i":{"x":[0.667],"y":[1]},"o":{"x":[0.333],"y":[0]},"n":["0p667_1_0p333_0"],"t":82.082,"s":[0],"e":[100]},{"t":116.115234375}],"ix":11},"r":{"a":0,"k":0,"ix":10},"p":{"a":1,"k":[{"i":{"x":0.667,"y":1},"o":{"x":0.333,"y":0},"n":"0p667_1_0p333_0","t":48.049,"s":[160,183,0],"e":[160,111,0],"to":[0,-12,0],"ti":[0,12,0]},{"t":122.123046875}],"ix":2},"a":{"a":0,"k":[293,45.5,0],"ix":1},"s":{"a":0,"k":[40,40,100],"ix":6}},"ao":0,"shapes":[{"ty":"gr","it":[{"ind":0,"ty":"sh","ix":1,"ks":{"a":0,"k":{"i":[[0,0],[-3.248,0],[0,0],[0,-3.219],[0,0],[3.243,0],[0,0],[0,0],[3.334,0],[0,0],[0,3.309],[0,0],[0,0],[0,3.219],[0,0]],"o":[[0,-3.219],[0,0],[3.243,0],[0,0],[0,3.228],[0,0],[0,0],[0,3.309],[0,0],[-3.331,0],[0,0],[0,0],[-3.244,0],[0,0],[0,0]],"v":[[58.031,-25.079],[62.091,-29.105],[99.667,-29.105],[103.721,-25.079],[103.721,-24.272],[99.667,-20.238],[85.698,-20.238],[85.698,24.988],[81.552,29.104],[80.289,29.104],[76.145,24.988],[76.145,-20.242],[62.087,-20.242],[58.027,-24.268],[58.027,-25.076]],"c":true},"ix":2},"nm":"Path 1","mn":"ADBE Vector Shape - Group","hd":false},{"ind":1,"ty":"sh","ix":2,"ks":{"a":0,"k":{"i":[[0,0],[-7.482,0],[-2.066,-7.162],[0,0],[-1.168,0],[0,1.968],[0,0],[-3.33,0],[0,0],[0,-3.314],[0,0],[7.208,0],[2.163,7.431],[0,0],[1.355,0],[0,-2.062],[0,0],[3.335,0],[0,0],[0,3.309],[0,0]],"o":[[0,-8.599],[6.395,0],[0,0],[0.629,2.059],[1.168,0],[0,0],[0,-3.31],[0,0],[3.336,0],[0,0],[0,8.687],[-6.577,0],[0,0],[-0.629,-2.416],[-1.177,0],[0,0],[0,3.309],[0,0],[-3.335,0],[0,0],[0,0]],"v":[[2.614,-18.18],[13.248,-29.999],[24.237,-20.51],[35.592,19.52],[37.932,22.029],[39.738,19.072],[39.738,-24.984],[43.881,-29.105],[44.783,-29.105],[48.93,-24.984],[48.93,18.178],[38.657,29.999],[27.212,20.061],[16.035,-19.077],[13.604,-22.033],[11.799,-18.896],[11.799,24.988],[7.651,29.104],[6.753,29.104],[2.606,24.988],[2.606,-18.176]],"c":true},"ix":2},"nm":"Path 2","mn":"ADBE Vector Shape - Group","hd":false},{"ind":2,"ty":"sh","ix":3,"ks":{"a":0,"k":{"i":[[0,0],[0,0],[-2.345,0],[0,0],[0,-3.227],[0,0],[3.238,0],[0,0],[0,7.163],[0,0],[-7.208,0],[0,0],[0,-3.223],[0,0],[3.238,0],[0,0],[0,-2.239],[0,0],[0,0],[0,-3.219],[0,0],[3.247,0],[0,0]],"o":[[0,0],[0,2.239],[0,0],[3.238,0],[0,0],[0,3.223],[0,0],[-7.208,0],[0,0],[0,-7.163],[0,0],[3.238,0],[0,0],[0,3.227],[0,0],[-2.345,0],[0,0],[0,0],[3.244,0],[0,0],[0,3.228],[0,0],[0,0]],"v":[[-38.57,3.49],[-38.57,16.833],[-35.053,20.238],[-12.252,20.238],[-8.201,24.271],[-8.201,25.079],[-12.252,29.109],[-37.753,29.109],[-48.027,18.9],[-48.027,-18.893],[-37.753,-29.102],[-12.252,-29.102],[-8.201,-25.072],[-8.201,-24.264],[-12.252,-20.229],[-35.053,-20.229],[-38.57,-16.826],[-38.57,-5.361],[-15.861,-5.361],[-11.802,-1.335],[-11.802,-0.527],[-15.861,3.507],[-38.57,3.507]],"c":true},"ix":2},"nm":"Path 3","mn":"ADBE Vector Shape - Group","hd":false},{"ind":3,"ty":"sh","ix":4,"ks":{"a":0,"k":{"i":[[0,0],[0,0],[3.699,0],[0,0],[2.072,3.132],[0,0],[0,0],[0,0],[3.335,0],[0,0],[0,3.314],[0,0],[-7.208,0],[0,0],[0,-11.732],[9.009,-1.882]],"o":[[0,0],[2.071,3.132],[0,0],[-3.696,0],[0,0],[0,0],[0,0],[0,3.311],[0,0],[-3.334,0],[0,0],[0,-7.163],[0,0],[13.968,0],[0,9.58],[0,0]],"v":[[-72.363,6.087],[-59.924,25.165],[-62.09,29.104],[-63.618,29.104],[-70.826,25.165],[-82.637,6.805],[-94.255,6.805],[-94.255,24.984],[-98.403,29.104],[-99.574,29.104],[-103.721,24.984],[-103.721,-18.9],[-93.448,-29.109],[-79.21,-29.109],[-59.745,-11.107],[-72.363,6.085]],"c":true},"ix":2},"nm":"Path 4","mn":"ADBE Vector Shape - Group","hd":false},{"ind":4,"ty":"sh","ix":5,"ks":{"a":0,"k":{"i":[[0,0],[0,-2.24],[0,0],[0,0],[0,6.089],[7.567,0]],"o":[[-2.341,0],[0,0],[0,0],[7.567,0],[0,-6.36],[0,0]],"v":[[-90.746,-20.242],[-94.26,-16.838],[-94.26,-2.063],[-79.21,-2.063],[-69.21,-11.107],[-79.21,-20.242]],"c":true},"ix":2},"nm":"Path 5","mn":"ADBE Vector Shape - Group","hd":false},{"ty":"mm","mm":1,"nm":"Merge Paths 1","mn":"ADBE Vector Filter - Merge","hd":false},{"ty":"fl","c":{"a":0,"k":[1,1,1,1],"ix":4},"o":{"a":0,"k":100,"ix":5},"r":1,"nm":"Fill 1","mn":"ADBE Vector Graphic - Fill","hd":false},{"ty":"tr","p":{"a":0,"k":[482.278,46.272],"ix":2},"a":{"a":0,"k":[0,0],"ix":1},"s":{"a":0,"k":[100,100],"ix":3},"r":{"a":0,"k":0,"ix":6},"o":{"a":0,"k":100,"ix":7},"sk":{"a":0,"k":0,"ix":4},"sa":{"a":0,"k":0,"ix":5},"nm":"Transform"}],"nm":"Group 1","np":7,"cix":2,"ix":1,"mn":"ADBE Vector Group","hd":false},{"ty":"gr","it":[{"ind":0,"ty":"sh","ix":1,"ks":{"a":0,"k":{"i":[[0,0],[-3.335,0],[0,0],[0,-3.314],[0,0],[3.335,0],[0,0],[0,3.313]],"o":[[0,-3.31],[0,0],[3.335,0],[0,0],[0,3.309],[0,0],[-3.335,0],[0,0]],"v":[[85.115,-25.073],[89.262,-29.193],[90.434,-29.193],[94.581,-25.073],[94.581,24.9],[90.434,29.02],[89.262,29.02],[85.115,24.9]],"c":true},"ix":2},"nm":"Path 1","mn":"ADBE Vector Shape - Group","hd":false},{"ind":1,"ty":"sh","ix":2,"ks":{"a":0,"k":{"i":[[0,0],[-3.878,0],[0,0],[2.519,-3.138],[0,0],[0,-1.343],[-3.338,-4.211],[0,0],[3.873,0],[0,0],[2.432,2.956],[0,0],[-5.675,6.809],[0,0]],"o":[[2.527,-2.952],[0,0],[3.965,0],[0,0],[-3.247,3.94],[0,1.074],[0,0],[2.436,3.133],[0,0],[-3.965,0],[0,0],[-5.675,-7.072],[0,0],[0,0]],"v":[[114.489,-25.435],[122.422,-29.198],[124.041,-29.198],[125.847,-25.435],[110.889,-7.347],[107.103,-1.344],[110.889,4.567],[127.645,25.253],[125.843,29.016],[124.224,29.016],[116.291,25.253],[102.232,7.967],[102.232,-10.842],[114.485,-25.435]],"c":true},"ix":2},"nm":"Path 2","mn":"ADBE Vector Shape - Group","hd":false},{"ind":2,"ty":"sh","ix":3,"ks":{"a":0,"k":{"i":[[0,0],[-10.903,0],[-2.974,1.252],[0,-2.865],[0,0],[2.613,-0.988],[4.681,0],[0,15.491],[0,0],[-16.131,0],[-3.061,-1.255],[0,-2.865],[0,0],[2.975,1.079],[4.324,0],[0,-9.942],[0,0]],"o":[[0,8.685],[4.772,0],[1.889,-0.806],[0,0],[0,2.783],[-3.157,1.165],[-16.222,0],[0,0],[0,-15.491],[4.507,0],[3.24,1.342],[0,0],[0,3.224],[-3.425,-1.342],[-10.091,0],[0,0],[0,0]],"v":[[45.373,7.61],[60.066,21.133],[71.69,19.251],[75.29,22.203],[75.29,23.546],[71.595,28.205],[59.88,30.001],[35.643,7.61],[35.643,-6.721],[59.88,-30.001],[71.234,-28.12],[75.02,-23.46],[75.02,-22.122],[71.325,-19.166],[59.702,-21.223],[45.377,-6.717],[45.377,7.615]],"c":true},"ix":2},"nm":"Path 3","mn":"ADBE Vector Shape - Group","hd":false},{"ind":3,"ty":"sh","ix":4,"ks":{"a":0,"k":{"i":[[0,0],[-3.335,0],[0,0],[0,-3.314],[0,0],[-8.741,0],[0,8.328],[0,0],[-3.331,0],[0,0],[0,-3.314],[0,0],[14.328,0],[0,13.614],[0,0]],"o":[[0,-3.314],[0,0],[3.33,0],[0,0],[0,8.332],[8.74,0],[0,0],[0,-3.314],[0,0],[3.335,0],[0,0],[0,14.063],[-15.228,0],[0,0],[0,0]],"v":[[-20.408,-25.073],[-16.261,-29.193],[-15.089,-29.193],[-10.943,-25.073],[-10.943,9.581],[2.392,21.137],[15.73,9.585],[15.73,-25.073],[19.873,-29.193],[21.136,-29.193],[25.283,-25.073],[25.283,9.581],[2.392,30.001],[-20.404,9.581],[-20.404,-25.073]],"c":true},"ix":2},"nm":"Path 4","mn":"ADBE Vector Shape - Group","hd":false},{"ind":4,"ty":"sh","ix":5,"ks":{"a":0,"k":{"i":[[0,0],[0,0],[3.695,0],[0,0],[2.07,3.133],[0,0],[0,0],[0,0],[3.335,0],[0,0],[0,3.314],[0,0],[-7.208,0],[0,0],[0,-11.732],[9.005,-1.881]],"o":[[0,0],[2.071,3.133],[0,0],[-3.695,0],[0,0],[0,0],[0,0],[0,3.31],[0,0],[-3.334,0],[0,0],[0,-7.163],[0,0],[13.968,0],[0,9.58],[0,0]],"v":[[-43.837,5.999],[-31.402,25.076],[-33.564,29.016],[-35.101,29.016],[-42.308,25.076],[-54.114,6.716],[-65.738,6.716],[-65.738,24.895],[-69.885,29.016],[-71.057,29.016],[-75.203,24.895],[-75.203,-18.989],[-64.93,-29.198],[-50.693,-29.198],[-31.228,-11.196],[-43.841,5.995]],"c":true},"ix":2},"nm":"Path 5","mn":"ADBE Vector Shape - Group","hd":false},{"ind":5,"ty":"sh","ix":6,"ks":{"a":0,"k":{"i":[[0,0],[0,-2.239],[0,0],[0,0],[0,6.089],[7.569,0],[0,0]],"o":[[-2.345,0],[0,0],[0,0],[7.569,0],[0,-6.36],[0,0],[0,0]],"v":[[-62.221,-20.331],[-65.738,-16.927],[-65.738,-2.152],[-50.689,-2.152],[-40.689,-11.196],[-50.689,-20.331],[-62.225,-20.331]],"c":true},"ix":2},"nm":"Path 6","mn":"ADBE Vector Shape - Group","hd":false},{"ind":6,"ty":"sh","ix":7,"ks":{"a":0,"k":{"i":[[0,0],[-3.248,0],[0,0],[0,-3.219],[0,0],[3.24,0],[0,0],[0,0],[3.335,0],[0,0],[0,3.309],[0,0],[0,0],[0,3.219],[0,0]],"o":[[0,-3.219],[0,0],[3.244,0],[0,0],[0,3.227],[0,0],[0,0],[0,3.309],[0,0],[-3.335,0],[0,0],[0,0],[-3.239,0],[0,0],[0,0]],"v":[[-130.082,-25.167],[-126.022,-29.193],[-88.447,-29.193],[-84.391,-25.167],[-84.391,-24.361],[-88.443,-20.327],[-102.41,-20.327],[-102.41,24.9],[-106.557,29.016],[-107.816,29.016],[-111.963,24.9],[-111.963,-20.331],[-126.022,-20.331],[-130.078,-24.357],[-130.078,-25.163]],"c":true},"ix":2},"nm":"Path 7","mn":"ADBE Vector Shape - Group","hd":false},{"ty":"mm","mm":1,"nm":"Merge Paths 1","mn":"ADBE Vector Filter - Merge","hd":false},{"ty":"fl","c":{"a":0,"k":[1,1,1,1],"ix":4},"o":{"a":0,"k":100,"ix":5},"r":1,"nm":"Fill 1","mn":"ADBE Vector Graphic - Fill","hd":false},{"ty":"tr","p":{"a":0,"k":[130.081,46.363],"ix":2},"a":{"a":0,"k":[0,0],"ix":1},"s":{"a":0,"k":[100,100],"ix":3},"r":{"a":0,"k":0,"ix":6},"o":{"a":0,"k":100,"ix":7},"sk":{"a":0,"k":0,"ix":4},"sa":{"a":0,"k":0,"ix":5},"nm":"Transform"}],"nm":"Group 2","np":11,"cix":2,"ix":2,"mn":"ADBE Vector Group","hd":false},{"ty":"gr","it":[{"ind":0,"ty":"sh","ix":1,"ks":{"a":0,"k":{"i":[[0,0],[0.133,8.308],[0,9.288],[9.285,0.521],[0,0],[-0.284,-6.11],[-0.31,-8.881],[-10.764,-2.45],[0,0]],"o":[[-6.608,-0.361],[-0.157,-9.646],[0,-8.299],[0,0],[7.03,0.468],[0.294,6.274],[0.466,13.424],[0,0],[0,0]],"v":[[45.427,11.373],[-8.516,0.237],[34.07,-17.065],[-45.427,-31.282],[-45.427,-28.439],[8.518,-17.062],[-34.069,0],[45.427,31.282],[45.427,11.377]],"c":true},"ix":2},"nm":"Path 1","mn":"ADBE Vector Shape - Group","hd":false},{"ty":"fl","c":{"a":0,"k":[0.995999983245,0.995999983245,0.995999983245,1],"ix":4},"o":{"a":0,"k":100,"ix":5},"r":1,"nm":"Fill 1","mn":"ADBE Vector Graphic - Fill","hd":false},{"ty":"tr","p":{"a":0,"k":[315.464,45.507],"ix":2},"a":{"a":0,"k":[0,0],"ix":1},"s":{"a":0,"k":[100,100],"ix":3},"r":{"a":0,"k":0,"ix":6},"o":{"a":0,"k":100,"ix":7},"sk":{"a":0,"k":0,"ix":4},"sa":{"a":0,"k":0,"ix":5},"nm":"Transform"}],"nm":"Group 3","np":2,"cix":2,"ix":3,"mn":"ADBE Vector Group","hd":false},{"ty":"gr","it":[{"ind":0,"ty":"sh","ix":1,"ks":{"a":0,"k":{"i":[[0,0],[0,7.654],[0,0],[-7.64,0],[0,0],[0,-7.653],[0,0],[7.64,0]],"o":[[-7.643,0],[0,0],[0,-7.656],[0,0],[7.644,0],[0,0],[0,7.656],[0,0]],"v":[[-31.231,45.5],[-45.425,31.282],[-45.425,-31.282],[-31.231,-45.5],[31.23,-45.5],[45.426,-31.282],[45.426,31.282],[31.23,45.5]],"c":true},"ix":2},"nm":"Path 1","mn":"ADBE Vector Shape - Group","hd":false},{"ty":"fl","c":{"a":0,"k":[0.184000007779,0.501999978458,0.929000016755,1],"ix":4},"o":{"a":0,"k":100,"ix":5},"r":1,"nm":"Fill 1","mn":"ADBE Vector Graphic - Fill","hd":false},{"ty":"tr","p":{"a":0,"k":[315.466,45.5],"ix":2},"a":{"a":0,"k":[0,0],"ix":1},"s":{"a":0,"k":[100,100],"ix":3},"r":{"a":0,"k":0,"ix":6},"o":{"a":0,"k":100,"ix":7},"sk":{"a":0,"k":0,"ix":4},"sa":{"a":0,"k":0,"ix":5},"nm":"Transform"}],"nm":"Group 4","np":2,"cix":2,"ix":4,"mn":"ADBE Vector Group","hd":false}],"ip":0,"op":1807.80780780781,"st":0,"bm":0},{"ddd":0,"ind":6,"ty":4,"nm":"Логистика без посредников Outlines","sr":1,"ks":{"o":{"a":0,"k":100,"ix":11},"r":{"a":0,"k":0,"ix":10},"p":{"a":0,"k":[160.25,77.5,0],"ix":2},"a":{"a":0,"k":[0,0,0],"ix":1},"s":{"a":0,"k":[50.4,50.4,100],"ix":6}},"ao":0,"shapes":[{"ty":"gr","it":[{"ind":0,"ty":"sh","ix":1,"ks":{"a":0,"k":{"i":[[0,0],[0,0],[0.409,-2.641],[0.268,-0.945],[0.347,-0.382],[0.466,0],[0.475,0.229],[0,0],[-0.651,0],[-0.668,0.765],[-0.409,1.947],[-0.536,4.21],[0,0],[0,0],[0,0],[0,0]],"o":[[0,0],[-0.492,3.867],[-0.409,2.641],[-0.268,0.945],[-0.347,0.382],[-0.519,0],[0,0],[0.518,0.22],[1.107,0.018],[0.668,-0.765],[0.409,-1.947],[0,0],[0,0],[0,0],[0,0],[0,0]],"v":[[-215.625,-19.274],[-225.987,-19.274],[-227.339,-9.512],[-228.354,-4.133],[-229.277,-2.142],[-230.496,-1.569],[-231.986,-1.912],[-231.986,-0.026],[-230.232,0.303],[-227.569,-0.817],[-225.954,-4.885],[-224.537,-14.12],[-224.128,-17.284],[-217.866,-17.284],[-217.866,0],[-215.625,0]],"c":true},"ix":2},"nm":"Л","mn":"ADBE Vector Shape - Group","hd":false},{"ty":"fl","c":{"a":0,"k":[1,1,1,1],"ix":4},"o":{"a":0,"k":100,"ix":5},"r":1,"nm":"Fill 1","mn":"ADBE Vector Graphic - Fill","hd":false},{"ty":"tr","p":{"a":0,"k":[0,0],"ix":2},"a":{"a":0,"k":[0,0],"ix":1},"s":{"a":0,"k":[100,100],"ix":3},"r":{"a":0,"k":0,"ix":6},"o":{"a":1,"k":[{"i":{"x":[0.414],"y":[1]},"o":{"x":[0.631],"y":[0]},"n":["0p414_1_0p631_0"],"t":30,"s":[0],"e":[100]},{"t":33}],"ix":7},"sk":{"a":0,"k":0,"ix":4},"sa":{"a":0,"k":0,"ix":5},"nm":"Transform"}],"nm":"Л","np":3,"cix":2,"ix":1,"mn":"ADBE Vector Group","hd":false},{"ty":"gr","it":[{"ind":0,"ty":"sh","ix":1,"ks":{"a":0,"k":{"i":[[1.556,1.758],[2.769,0],[1.547,-1.727],[0,-3.138],[-1.542,-1.736],[-2.839,0],[-1.56,1.767],[0,3.085]],"o":[[-1.556,-1.758],[-2.848,0],[-1.547,1.727],[0,3.164],[1.542,1.736],[2.777,0],[1.56,-1.767],[0,-3.094]],"v":[[-194.309,-16.941],[-200.795,-19.578],[-207.387,-16.987],[-209.707,-9.69],[-207.394,-2.34],[-200.821,0.264],[-194.315,-2.386],[-191.975,-9.664]],"c":true},"ix":2},"nm":"о","mn":"ADBE Vector Shape - Group","hd":false},{"ind":1,"ty":"sh","ix":2,"ks":{"a":0,"k":{"i":[[-1.112,1.349],[-2.136,0],[-1.086,-1.34],[0,-2.593],[1.09,-1.345],[2.136,0],[1.112,1.349],[0,2.61]],"o":[[1.112,-1.349],[2.127,0],[1.085,1.34],[0,2.619],[-1.09,1.345],[-2.118,0],[-1.112,-1.349],[0,-2.575]],"v":[[-205.666,-15.55],[-200.795,-17.574],[-195.977,-15.563],[-194.348,-9.664],[-195.983,-3.718],[-200.821,-1.701],[-205.666,-3.724],[-207.334,-9.664]],"c":true},"ix":2},"nm":"о","mn":"ADBE Vector Shape - Group","hd":false},{"ty":"mm","mm":1,"nm":"Merge Paths 1","mn":"ADBE Vector Filter - Merge","hd":false},{"ty":"fl","c":{"a":0,"k":[1,1,1,1],"ix":4},"o":{"a":0,"k":100,"ix":5},"r":1,"nm":"Fill 1","mn":"ADBE Vector Graphic - Fill","hd":false},{"ty":"tr","p":{"a":0,"k":[0,0],"ix":2},"a":{"a":0,"k":[0,0],"ix":1},"s":{"a":0,"k":[100,100],"ix":3},"r":{"a":0,"k":0,"ix":6},"o":{"a":1,"k":[{"i":{"x":[0.414],"y":[1]},"o":{"x":[0.631],"y":[0]},"n":["0p414_1_0p631_0"],"t":33,"s":[0],"e":[100]},{"t":36}],"ix":7},"sk":{"a":0,"k":0,"ix":4},"sa":{"a":0,"k":0,"ix":5},"nm":"Transform"}],"nm":"о","np":5,"cix":2,"ix":2,"mn":"ADBE Vector Group","hd":false},{"ty":"gr","it":[{"ind":0,"ty":"sh","ix":1,"ks":{"a":0,"k":{"i":[[0,0],[0,0],[0,0],[0,0],[0,0],[0,0]],"o":[[0,0],[0,0],[0,0],[0,0],[0,0],[0,0]],"v":[[-186.057,-19.274],[-186.057,0],[-183.816,0],[-183.816,-17.257],[-175.313,-17.257],[-175.313,-19.274]],"c":true},"ix":2},"nm":"г","mn":"ADBE Vector Shape - Group","hd":false},{"ty":"fl","c":{"a":0,"k":[1,1,1,1],"ix":4},"o":{"a":0,"k":100,"ix":5},"r":1,"nm":"Fill 1","mn":"ADBE Vector Graphic - Fill","hd":false},{"ty":"tr","p":{"a":0,"k":[0,0],"ix":2},"a":{"a":0,"k":[0,0],"ix":1},"s":{"a":0,"k":[100,100],"ix":3},"r":{"a":0,"k":0,"ix":6},"o":{"a":1,"k":[{"i":{"x":[0.414],"y":[1]},"o":{"x":[0.631],"y":[0]},"n":["0p414_1_0p631_0"],"t":36,"s":[0],"e":[100]},{"t":39}],"ix":7},"sk":{"a":0,"k":0,"ix":4},"sa":{"a":0,"k":0,"ix":5},"nm":"Transform"}],"nm":"г","np":3,"cix":2,"ix":3,"mn":"ADBE Vector Group","hd":false},{"ty":"gr","it":[{"ind":0,"ty":"sh","ix":1,"ks":{"a":0,"k":{"i":[[0,0],[0,0],[0,0],[0,0],[0,-1.767],[0,0],[0,0],[0,0],[0,0],[0,0],[0,0],[0,1.978],[0,0],[0,0]],"o":[[0,0],[0,0],[0,0],[-0.15,1.943],[0,0],[0,0],[0,0],[0,0],[0,0],[0,0],[0.123,-1.6],[0,0],[0,0],[0,0]],"v":[[-170.371,0],[-167.918,0],[-157.095,-16.176],[-156.976,-16.176],[-157.2,-10.613],[-157.2,0],[-155.091,0],[-155.091,-19.274],[-157.543,-19.274],[-168.353,-3.19],[-168.459,-3.19],[-168.274,-8.556],[-168.274,-19.274],[-170.371,-19.274]],"c":true},"ix":2},"nm":"и","mn":"ADBE Vector Shape - Group","hd":false},{"ty":"fl","c":{"a":0,"k":[1,1,1,1],"ix":4},"o":{"a":0,"k":100,"ix":5},"r":1,"nm":"Fill 1","mn":"ADBE Vector Graphic - Fill","hd":false},{"ty":"tr","p":{"a":0,"k":[0,0],"ix":2},"a":{"a":0,"k":[0,0],"ix":1},"s":{"a":0,"k":[100,100],"ix":3},"r":{"a":0,"k":0,"ix":6},"o":{"a":1,"k":[{"i":{"x":[0.414],"y":[1]},"o":{"x":[0.631],"y":[0]},"n":["0p414_1_0p631_0"],"t":39,"s":[0],"e":[100]},{"t":42}],"ix":7},"sk":{"a":0,"k":0,"ix":4},"sa":{"a":0,"k":0,"ix":5},"nm":"Transform"}],"nm":"и","np":3,"cix":2,"ix":4,"mn":"ADBE Vector Group","hd":false},{"ty":"gr","it":[{"ind":0,"ty":"sh","ix":1,"ks":{"a":0,"k":{"i":[[-1.459,-0.686],[0,0],[2.021,0],[1.402,-0.809],[0.743,-1.494],[0,-1.986],[-1.542,-1.723],[-2.839,0],[-1.336,0.501],[0,0],[1.345,0],[1.182,1.376],[0,2.523],[-1.226,1.411],[-2.118,0]],"o":[[0,0],[-1.512,-0.738],[-1.898,0],[-1.402,0.809],[-0.743,1.494],[0,3.173],[1.542,1.723],[1.96,0],[0,0],[-1.723,0.483],[-2.188,0],[-1.182,-1.375],[0,-2.452],[1.226,-1.411],[1.459,0]],"v":[[-135.567,-16.519],[-134.618,-18.444],[-139.918,-19.551],[-144.868,-18.338],[-148.085,-14.884],[-149.199,-9.664],[-146.886,-2.32],[-140.314,0.264],[-135.37,-0.488],[-135.37,-2.452],[-139.971,-1.727],[-145.027,-3.79],[-146.8,-9.637],[-144.961,-15.431],[-139.944,-17.547]],"c":true},"ix":2},"nm":"с","mn":"ADBE Vector Shape - Group","hd":false},{"ty":"fl","c":{"a":0,"k":[1,1,1,1],"ix":4},"o":{"a":0,"k":100,"ix":5},"r":1,"nm":"Fill 1","mn":"ADBE Vector Graphic - Fill","hd":false},{"ty":"tr","p":{"a":0,"k":[0,0],"ix":2},"a":{"a":0,"k":[0,0],"ix":1},"s":{"a":0,"k":[100,100],"ix":3},"r":{"a":0,"k":0,"ix":6},"o":{"a":1,"k":[{"i":{"x":[0.414],"y":[1]},"o":{"x":[0.631],"y":[0]},"n":["0p414_1_0p631_0"],"t":42,"s":[0],"e":[100]},{"t":45}],"ix":7},"sk":{"a":0,"k":0,"ix":4},"sa":{"a":0,"k":0,"ix":5},"nm":"Transform"}],"nm":"с","np":3,"cix":2,"ix":5,"mn":"ADBE Vector Group","hd":false},{"ty":"gr","it":[{"ind":0,"ty":"sh","ix":1,"ks":{"a":0,"k":{"i":[[0,0],[0,0],[0,0],[0,0],[0,0],[0,0],[0,0],[0,0]],"o":[[0,0],[0,0],[0,0],[0,0],[0,0],[0,0],[0,0],[0,0]],"v":[[-123.611,-17.284],[-117.507,-17.284],[-117.507,-19.274],[-131.957,-19.274],[-131.957,-17.284],[-125.853,-17.284],[-125.853,0],[-123.611,0]],"c":true},"ix":2},"nm":"т","mn":"ADBE Vector Shape - Group","hd":false},{"ty":"fl","c":{"a":0,"k":[1,1,1,1],"ix":4},"o":{"a":0,"k":100,"ix":5},"r":1,"nm":"Fill 1","mn":"ADBE Vector Graphic - Fill","hd":false},{"ty":"tr","p":{"a":0,"k":[0,0],"ix":2},"a":{"a":0,"k":[0,0],"ix":1},"s":{"a":0,"k":[100,100],"ix":3},"r":{"a":0,"k":0,"ix":6},"o":{"a":1,"k":[{"i":{"x":[0.414],"y":[1]},"o":{"x":[0.631],"y":[0]},"n":["0p414_1_0p631_0"],"t":45,"s":[0],"e":[100]},{"t":48}],"ix":7},"sk":{"a":0,"k":0,"ix":4},"sa":{"a":0,"k":0,"ix":5},"nm":"Transform"}],"nm":"т","np":3,"cix":2,"ix":6,"mn":"ADBE Vector Group","hd":false},{"ty":"gr","it":[{"ind":0,"ty":"sh","ix":1,"ks":{"a":0,"k":{"i":[[0,0],[0,0],[0,0],[0,0],[0,-1.767],[0,0],[0,0],[0,0],[0,0],[0,0],[0,0],[0,1.978],[0,0],[0,0]],"o":[[0,0],[0,0],[0,0],[-0.15,1.943],[0,0],[0,0],[0,0],[0,0],[0,0],[0,0],[0.123,-1.6],[0,0],[0,0],[0,0]],"v":[[-112.961,0],[-110.509,0],[-99.685,-16.176],[-99.566,-16.176],[-99.79,-10.613],[-99.79,0],[-97.681,0],[-97.681,-19.274],[-100.133,-19.274],[-110.944,-3.19],[-111.049,-3.19],[-110.865,-8.556],[-110.865,-19.274],[-112.961,-19.274]],"c":true},"ix":2},"nm":"и","mn":"ADBE Vector Shape - Group","hd":false},{"ty":"fl","c":{"a":0,"k":[1,1,1,1],"ix":4},"o":{"a":0,"k":100,"ix":5},"r":1,"nm":"Fill 1","mn":"ADBE Vector Graphic - Fill","hd":false},{"ty":"tr","p":{"a":0,"k":[0,0],"ix":2},"a":{"a":0,"k":[0,0],"ix":1},"s":{"a":0,"k":[100,100],"ix":3},"r":{"a":0,"k":0,"ix":6},"o":{"a":1,"k":[{"i":{"x":[0.414],"y":[1]},"o":{"x":[0.631],"y":[0]},"n":["0p414_1_0p631_0"],"t":48,"s":[0],"e":[100]},{"t":51}],"ix":7},"sk":{"a":0,"k":0,"ix":4},"sa":{"a":0,"k":0,"ix":5},"nm":"Transform"}],"nm":"и","np":3,"cix":2,"ix":7,"mn":"ADBE Vector Group","hd":false},{"ty":"gr","it":[{"ind":0,"ty":"sh","ix":1,"ks":{"a":0,"k":{"i":[[0,0],[0,0],[0,0],[0,0],[0,0],[0,0],[0,0],[0,0],[0,0],[0,0],[0,0]],"o":[[0,0],[0,0],[0,0],[0,0],[0,0],[0,0],[0,0],[0,0],[0,0],[0,0],[0,0]],"v":[[-85.817,-9.914],[-77.288,-19.274],[-79.858,-19.274],[-88.546,-9.94],[-88.546,-19.274],[-90.788,-19.274],[-90.788,0],[-88.546,0],[-88.546,-9.769],[-79.634,0],[-76.918,0]],"c":true},"ix":2},"nm":"к","mn":"ADBE Vector Shape - Group","hd":false},{"ty":"fl","c":{"a":0,"k":[1,1,1,1],"ix":4},"o":{"a":0,"k":100,"ix":5},"r":1,"nm":"Fill 1","mn":"ADBE Vector Graphic - Fill","hd":false},{"ty":"tr","p":{"a":0,"k":[0,0],"ix":2},"a":{"a":0,"k":[0,0],"ix":1},"s":{"a":0,"k":[100,100],"ix":3},"r":{"a":0,"k":0,"ix":6},"o":{"a":1,"k":[{"i":{"x":[0.414],"y":[1]},"o":{"x":[0.631],"y":[0]},"n":["0p414_1_0p631_0"],"t":51,"s":[0],"e":[100]},{"t":54}],"ix":7},"sk":{"a":0,"k":0,"ix":4},"sa":{"a":0,"k":0,"ix":5},"nm":"Transform"}],"nm":"к","np":3,"cix":2,"ix":8,"mn":"ADBE Vector Group","hd":false},{"ty":"gr","it":[{"ind":0,"ty":"sh","ix":1,"ks":{"a":0,"k":{"i":[[0,0],[0,0],[0,0],[0,0],[0,0],[0,0],[0,0],[0,0]],"o":[[0,0],[0,0],[0,0],[0,0],[0,0],[0,0],[0,0],[0,0]],"v":[[-58.212,0],[-65.793,-19.354],[-67.678,-19.354],[-75.298,0],[-73.031,0],[-70.658,-6.13],[-62.932,-6.13],[-60.533,0]],"c":true},"ix":2},"nm":"а","mn":"ADBE Vector Shape - Group","hd":false},{"ind":1,"ty":"sh","ix":2,"ks":{"a":0,"k":{"i":[[0,0],[0,0],[-0.193,0.844],[-0.29,-0.756],[0,0]],"o":[[0,0],[0.36,-1.011],[0.308,1.099],[0,0],[0,0]],"v":[[-69.867,-8.147],[-67.599,-14.12],[-66.769,-16.901],[-65.872,-14.12],[-63.631,-8.147]],"c":true},"ix":2},"nm":"а","mn":"ADBE Vector Shape - Group","hd":false},{"ty":"mm","mm":1,"nm":"Merge Paths 1","mn":"ADBE Vector Filter - Merge","hd":false},{"ty":"fl","c":{"a":0,"k":[1,1,1,1],"ix":4},"o":{"a":0,"k":100,"ix":5},"r":1,"nm":"Fill 1","mn":"ADBE Vector Graphic - Fill","hd":false},{"ty":"tr","p":{"a":0,"k":[0,0],"ix":2},"a":{"a":0,"k":[0,0],"ix":1},"s":{"a":0,"k":[100,100],"ix":3},"r":{"a":0,"k":0,"ix":6},"o":{"a":1,"k":[{"i":{"x":[0.414],"y":[1]},"o":{"x":[0.631],"y":[0]},"n":["0p414_1_0p631_0"],"t":54,"s":[0],"e":[100]},{"t":57}],"ix":7},"sk":{"a":0,"k":0,"ix":4},"sa":{"a":0,"k":0,"ix":5},"nm":"Transform"}],"nm":"а","np":5,"cix":2,"ix":9,"mn":"ADBE Vector Group","hd":false},{"ty":"gr","it":[{"ind":0,"ty":"sh","ix":1,"ks":{"a":0,"k":{"i":[[0.51,0.765],[1.063,0.391],[1.696,0],[0,0],[0,0],[0,0],[0,0],[0,0],[0,0],[0,0],[-1.138,0.914],[0,1.916]],"o":[[-0.51,-0.765],[-1.064,-0.391],[0,0],[0,0],[0,0],[0,0],[0,0],[0,0],[0,0],[2.294,0],[1.138,-0.914],[0,-1.31]],"v":[[-33.575,-8.728],[-35.935,-10.461],[-40.075,-11.048],[-43.068,-11.048],[-43.068,-17.284],[-33.945,-17.284],[-33.945,-19.274],[-45.309,-19.274],[-45.309,0],[-39.666,0],[-34.518,-1.371],[-32.811,-5.616]],"c":true},"ix":2},"nm":"б","mn":"ADBE Vector Shape - Group","hd":false},{"ind":1,"ty":"sh","ix":2,"ks":{"a":0,"k":{"i":[[0,0],[0,0],[-0.774,-0.527],[0,-1.248],[0.76,-0.571],[1.67,0],[0,0]],"o":[[0,0],[1.925,0],[0.773,0.527],[0,1.31],[-0.76,0.571],[0,0],[0,0]],"v":[[-43.068,-9.07],[-40.339,-9.07],[-36.291,-8.279],[-35.131,-5.616],[-36.271,-2.795],[-39.917,-1.938],[-43.068,-1.938]],"c":true},"ix":2},"nm":"б","mn":"ADBE Vector Shape - Group","hd":false},{"ty":"mm","mm":1,"nm":"Merge Paths 1","mn":"ADBE Vector Filter - Merge","hd":false},{"ty":"fl","c":{"a":0,"k":[1,1,1,1],"ix":4},"o":{"a":0,"k":100,"ix":5},"r":1,"nm":"Fill 1","mn":"ADBE Vector Graphic - Fill","hd":false},{"ty":"tr","p":{"a":0,"k":[0,0],"ix":2},"a":{"a":0,"k":[0,0],"ix":1},"s":{"a":0,"k":[100,100],"ix":3},"r":{"a":0,"k":0,"ix":6},"o":{"a":1,"k":[{"i":{"x":[0.414],"y":[1]},"o":{"x":[0.631],"y":[0]},"n":["0p414_1_0p631_0"],"t":57,"s":[0],"e":[100]},{"t":60}],"ix":7},"sk":{"a":0,"k":0,"ix":4},"sa":{"a":0,"k":0,"ix":5},"nm":"Transform"}],"nm":"б","np":5,"cix":2,"ix":10,"mn":"ADBE Vector Group","hd":false},{"ty":"gr","it":[{"ind":0,"ty":"sh","ix":1,"ks":{"a":0,"k":{"i":[[0,0],[0,0],[0,0],[0,0],[0,0],[0,0],[0,0],[0,0],[0,0],[0,0],[0,0],[0,0]],"o":[[0,0],[0,0],[0,0],[0,0],[0,0],[0,0],[0,0],[0,0],[0,0],[0,0],[0,0],[0,0]],"v":[[-16.399,-2.004],[-24.902,-2.004],[-24.902,-9.097],[-16.913,-9.097],[-16.913,-11.074],[-24.902,-11.074],[-24.902,-17.284],[-16.399,-17.284],[-16.399,-19.274],[-27.143,-19.274],[-27.143,0],[-16.399,0]],"c":true},"ix":2},"nm":"е","mn":"ADBE Vector Shape - Group","hd":false},{"ty":"fl","c":{"a":0,"k":[1,1,1,1],"ix":4},"o":{"a":0,"k":100,"ix":5},"r":1,"nm":"Fill 1","mn":"ADBE Vector Graphic - Fill","hd":false},{"ty":"tr","p":{"a":0,"k":[0,0],"ix":2},"a":{"a":0,"k":[0,0],"ix":1},"s":{"a":0,"k":[100,100],"ix":3},"r":{"a":0,"k":0,"ix":6},"o":{"a":1,"k":[{"i":{"x":[0.414],"y":[1]},"o":{"x":[0.631],"y":[0]},"n":["0p414_1_0p631_0"],"t":60,"s":[0],"e":[100]},{"t":63}],"ix":7},"sk":{"a":0,"k":0,"ix":4},"sa":{"a":0,"k":0,"ix":5},"nm":"Transform"}],"nm":"е","np":3,"cix":2,"ix":11,"mn":"ADBE Vector Group","hd":false},{"ty":"gr","it":[{"ind":0,"ty":"sh","ix":1,"ks":{"a":0,"k":{"i":[[1.121,0.866],[1.978,0],[1.103,-0.338],[0.888,-0.659],[0,0],[-0.782,0.22],[-0.967,0],[-0.712,-0.562],[0,-0.94],[0.989,-0.646],[1.802,0],[0,0],[0,0],[0,0],[-0.989,-0.606],[0,-1.178],[0.892,-0.659],[1.74,0],[0.98,0.22],[0.844,0.404],[0,0],[-2.241,0],[-1.345,1.006],[0,1.802],[0.831,0.791],[1.608,0.22],[0,0],[-0.804,0.791],[0,1.266]],"o":[[-1.121,-0.866],[-1.187,0],[-1.103,0.338],[0,0],[1.028,-0.65],[0.782,-0.22],[1.204,0],[0.712,0.563],[0,1.16],[-0.989,0.646],[0,0],[0,0],[0,0],[1.96,0],[0.989,0.606],[0,1.239],[-0.892,0.659],[-0.905,0],[-0.98,-0.22],[0,0],[1.432,0.694],[2.452,0],[1.345,-1.006],[0,-1.274],[-0.831,-0.791],[0,0],[1.415,-0.211],[0.804,-0.791],[0,-1.459]],"v":[[-1.009,-18.253],[-5.656,-19.551],[-9.09,-19.044],[-12.076,-17.547],[-10.969,-16.044],[-8.253,-17.35],[-5.629,-17.679],[-2.755,-16.835],[-1.688,-14.581],[-3.171,-11.872],[-7.356,-10.903],[-10.112,-10.903],[-10.112,-9.018],[-7.238,-9.018],[-2.815,-8.108],[-1.332,-5.432],[-2.67,-2.584],[-6.618,-1.595],[-9.446,-1.925],[-12.182,-2.861],[-12.182,-0.778],[-6.671,0.264],[-0.976,-1.246],[1.041,-5.458],[-0.204,-8.556],[-3.863,-10.072],[-3.863,-10.178],[-0.534,-11.681],[0.672,-14.766]],"c":true},"ix":2},"nm":"з","mn":"ADBE Vector Shape - Group","hd":false},{"ty":"fl","c":{"a":0,"k":[1,1,1,1],"ix":4},"o":{"a":0,"k":100,"ix":5},"r":1,"nm":"Fill 1","mn":"ADBE Vector Graphic - Fill","hd":false},{"ty":"tr","p":{"a":0,"k":[0,0],"ix":2},"a":{"a":0,"k":[0,0],"ix":1},"s":{"a":0,"k":[100,100],"ix":3},"r":{"a":0,"k":0,"ix":6},"o":{"a":1,"k":[{"i":{"x":[0.414],"y":[1]},"o":{"x":[0.631],"y":[0]},"n":["0p414_1_0p631_0"],"t":63,"s":[0],"e":[100]},{"t":66}],"ix":7},"sk":{"a":0,"k":0,"ix":4},"sa":{"a":0,"k":0,"ix":5},"nm":"Transform"}],"nm":"з","np":3,"cix":2,"ix":12,"mn":"ADBE Vector Group","hd":false},{"ty":"gr","it":[{"ind":0,"ty":"sh","ix":1,"ks":{"a":0,"k":{"i":[[0,0],[0,0],[0,0],[0,0],[0,0],[0,0],[0,0],[0,0]],"o":[[0,0],[0,0],[0,0],[0,0],[0,0],[0,0],[0,0],[0,0]],"v":[[29.818,-19.274],[15.435,-19.274],[15.435,0],[17.676,0],[17.676,-17.284],[27.577,-17.284],[27.577,0],[29.818,0]],"c":true},"ix":2},"nm":"п","mn":"ADBE Vector Shape - Group","hd":false},{"ty":"fl","c":{"a":0,"k":[1,1,1,1],"ix":4},"o":{"a":0,"k":100,"ix":5},"r":1,"nm":"Fill 1","mn":"ADBE Vector Graphic - Fill","hd":false},{"ty":"tr","p":{"a":0,"k":[0,0],"ix":2},"a":{"a":0,"k":[0,0],"ix":1},"s":{"a":0,"k":[100,100],"ix":3},"r":{"a":0,"k":0,"ix":6},"o":{"a":1,"k":[{"i":{"x":[0.414],"y":[1]},"o":{"x":[0.631],"y":[0]},"n":["0p414_1_0p631_0"],"t":66,"s":[0],"e":[100]},{"t":69}],"ix":7},"sk":{"a":0,"k":0,"ix":4},"sa":{"a":0,"k":0,"ix":5},"nm":"Transform"}],"nm":"п","np":3,"cix":2,"ix":13,"mn":"ADBE Vector Group","hd":false},{"ty":"gr","it":[{"ind":0,"ty":"sh","ix":1,"ks":{"a":0,"k":{"i":[[1.556,1.758],[2.769,0],[1.547,-1.727],[0,-3.138],[-1.542,-1.736],[-2.839,0],[-1.56,1.767],[0,3.085]],"o":[[-1.556,-1.758],[-2.848,0],[-1.547,1.727],[0,3.164],[1.542,1.736],[2.777,0],[1.56,-1.767],[0,-3.094]],"v":[[51.134,-16.941],[44.648,-19.578],[38.056,-16.987],[35.736,-9.69],[38.05,-2.34],[44.622,0.264],[51.128,-2.386],[53.468,-9.664]],"c":true},"ix":2},"nm":"о","mn":"ADBE Vector Shape - Group","hd":false},{"ind":1,"ty":"sh","ix":2,"ks":{"a":0,"k":{"i":[[-1.112,1.349],[-2.136,0],[-1.086,-1.34],[0,-2.593],[1.09,-1.345],[2.136,0],[1.112,1.349],[0,2.61]],"o":[[1.112,-1.349],[2.127,0],[1.085,1.34],[0,2.619],[-1.09,1.345],[-2.118,0],[-1.112,-1.349],[0,-2.575]],"v":[[39.777,-15.55],[44.648,-17.574],[49.467,-15.563],[51.095,-9.664],[49.46,-3.718],[44.622,-1.701],[39.777,-3.724],[38.109,-9.664]],"c":true},"ix":2},"nm":"о","mn":"ADBE Vector Shape - Group","hd":false},{"ty":"mm","mm":1,"nm":"Merge Paths 1","mn":"ADBE Vector Filter - Merge","hd":false},{"ty":"fl","c":{"a":0,"k":[1,1,1,1],"ix":4},"o":{"a":0,"k":100,"ix":5},"r":1,"nm":"Fill 1","mn":"ADBE Vector Graphic - Fill","hd":false},{"ty":"tr","p":{"a":0,"k":[0,0],"ix":2},"a":{"a":0,"k":[0,0],"ix":1},"s":{"a":0,"k":[100,100],"ix":3},"r":{"a":0,"k":0,"ix":6},"o":{"a":1,"k":[{"i":{"x":[0.414],"y":[1]},"o":{"x":[0.631],"y":[0]},"n":["0p414_1_0p631_0"],"t":69,"s":[0],"e":[100]},{"t":72}],"ix":7},"sk":{"a":0,"k":0,"ix":4},"sa":{"a":0,"k":0,"ix":5},"nm":"Transform"}],"nm":"о","np":5,"cix":2,"ix":14,"mn":"ADBE Vector Group","hd":false},{"ty":"gr","it":[{"ind":0,"ty":"sh","ix":1,"ks":{"a":0,"k":{"i":[[-1.459,-0.686],[0,0],[2.021,0],[1.402,-0.809],[0.743,-1.494],[0,-1.986],[-1.542,-1.723],[-2.839,0],[-1.336,0.501],[0,0],[1.345,0],[1.182,1.376],[0,2.523],[-1.226,1.411],[-2.118,0]],"o":[[0,0],[-1.512,-0.738],[-1.898,0],[-1.402,0.809],[-0.743,1.494],[0,3.173],[1.542,1.723],[1.96,0],[0,0],[-1.723,0.483],[-2.188,0],[-1.182,-1.375],[0,-2.452],[1.226,-1.411],[1.459,0]],"v":[[72.016,-16.519],[72.965,-18.444],[67.665,-19.551],[62.715,-18.338],[59.498,-14.884],[58.384,-9.664],[60.698,-2.32],[67.27,0.264],[72.213,-0.488],[72.213,-2.452],[67.612,-1.727],[62.556,-3.79],[60.783,-9.637],[62.622,-15.431],[67.639,-17.547]],"c":true},"ix":2},"nm":"с","mn":"ADBE Vector Shape - Group","hd":false},{"ty":"fl","c":{"a":0,"k":[1,1,1,1],"ix":4},"o":{"a":0,"k":100,"ix":5},"r":1,"nm":"Fill 1","mn":"ADBE Vector Graphic - Fill","hd":false},{"ty":"tr","p":{"a":0,"k":[0,0],"ix":2},"a":{"a":0,"k":[0,0],"ix":1},"s":{"a":0,"k":[100,100],"ix":3},"r":{"a":0,"k":0,"ix":6},"o":{"a":1,"k":[{"i":{"x":[0.414],"y":[1]},"o":{"x":[0.631],"y":[0]},"n":["0p414_1_0p631_0"],"t":72,"s":[0],"e":[100]},{"t":75}],"ix":7},"sk":{"a":0,"k":0,"ix":4},"sa":{"a":0,"k":0,"ix":5},"nm":"Transform"}],"nm":"с","np":3,"cix":2,"ix":15,"mn":"ADBE Vector Group","hd":false},{"ty":"gr","it":[{"ind":0,"ty":"sh","ix":1,"ks":{"a":0,"k":{"i":[[4.816,0],[0,0],[0,0],[0,0],[0,0],[0,0],[-1.332,1.05],[0,1.951]],"o":[[0,0],[0,0],[0,0],[0,0],[0,0],[2.479,0],[1.332,-1.05],[0,-3.744]],"v":[[83.036,-19.274],[78.039,-19.274],[78.039,0],[80.28,0],[80.28,-7.581],[82.548,-7.581],[88.263,-9.156],[90.26,-13.658]],"c":true},"ix":2},"nm":"р","mn":"ADBE Vector Shape - Group","hd":false},{"ind":1,"ty":"sh","ix":2,"ks":{"a":0,"k":{"i":[[0,0],[0,0],[-0.835,-0.624],[0,-1.274],[0.888,-0.641],[1.986,0],[0,0]],"o":[[0,0],[1.767,0],[0.835,0.624],[0,1.415],[-0.888,0.642],[0,0],[0,0]],"v":[[80.28,-17.336],[82.785,-17.336],[86.687,-16.4],[87.94,-13.553],[86.608,-10.468],[82.297,-9.505],[80.28,-9.505]],"c":true},"ix":2},"nm":"р","mn":"ADBE Vector Shape - Group","hd":false},{"ty":"mm","mm":1,"nm":"Merge Paths 1","mn":"ADBE Vector Filter - Merge","hd":false},{"ty":"fl","c":{"a":0,"k":[1,1,1,1],"ix":4},"o":{"a":0,"k":100,"ix":5},"r":1,"nm":"Fill 1","mn":"ADBE Vector Graphic - Fill","hd":false},{"ty":"tr","p":{"a":0,"k":[0,0],"ix":2},"a":{"a":0,"k":[0,0],"ix":1},"s":{"a":0,"k":[100,100],"ix":3},"r":{"a":0,"k":0,"ix":6},"o":{"a":1,"k":[{"i":{"x":[0.414],"y":[1]},"o":{"x":[0.631],"y":[0]},"n":["0p414_1_0p631_0"],"t":75,"s":[0],"e":[100]},{"t":78}],"ix":7},"sk":{"a":0,"k":0,"ix":4},"sa":{"a":0,"k":0,"ix":5},"nm":"Transform"}],"nm":"р","np":5,"cix":2,"ix":16,"mn":"ADBE Vector Group","hd":false},{"ty":"gr","it":[{"ind":0,"ty":"sh","ix":1,"ks":{"a":0,"k":{"i":[[0,0],[0,0],[0,0],[0,0],[0,0],[0,0],[0,0],[0,0],[0,0],[0,0],[0,0],[0,0]],"o":[[0,0],[0,0],[0,0],[0,0],[0,0],[0,0],[0,0],[0,0],[0,0],[0,0],[0,0],[0,0]],"v":[[106.659,-2.004],[98.156,-2.004],[98.156,-9.097],[106.145,-9.097],[106.145,-11.074],[98.156,-11.074],[98.156,-17.284],[106.659,-17.284],[106.659,-19.274],[95.914,-19.274],[95.914,0],[106.659,0]],"c":true},"ix":2},"nm":"е","mn":"ADBE Vector Shape - Group","hd":false},{"ty":"fl","c":{"a":0,"k":[1,1,1,1],"ix":4},"o":{"a":0,"k":100,"ix":5},"r":1,"nm":"Fill 1","mn":"ADBE Vector Graphic - Fill","hd":false},{"ty":"tr","p":{"a":0,"k":[0,0],"ix":2},"a":{"a":0,"k":[0,0],"ix":1},"s":{"a":0,"k":[100,100],"ix":3},"r":{"a":0,"k":0,"ix":6},"o":{"a":1,"k":[{"i":{"x":[0.414],"y":[1]},"o":{"x":[0.631],"y":[0]},"n":["0p414_1_0p631_0"],"t":78,"s":[0],"e":[100]},{"t":81}],"ix":7},"sk":{"a":0,"k":0,"ix":4},"sa":{"a":0,"k":0,"ix":5},"nm":"Transform"}],"nm":"е","np":3,"cix":2,"ix":17,"mn":"ADBE Vector Group","hd":false},{"ty":"gr","it":[{"ind":0,"ty":"sh","ix":1,"ks":{"a":0,"k":{"i":[[0,0],[0,0],[0,0],[0,0],[0.962,-3.261],[1.353,-2.276],[0,0],[0,0],[0,0],[0,0],[0,0],[0,0],[0,0]],"o":[[0,0],[0,0],[0,0],[-0.105,2.698],[-0.962,3.261],[0,0],[0,0],[0,0],[0,0],[0,0],[0,0],[0,0],[0,0]],"v":[[127.751,-2.03],[125.312,-2.03],[125.312,-19.274],[116.651,-19.274],[115.049,-10.336],[111.575,-2.03],[110.085,-2.03],[110.085,5.023],[112.221,5.023],[112.221,0],[125.615,0],[125.615,5.023],[127.751,5.023]],"c":true},"ix":2},"nm":"д","mn":"ADBE Vector Shape - Group","hd":false},{"ind":1,"ty":"sh","ix":2,"ks":{"a":0,"k":{"i":[[0,0],[-0.905,2.984],[-0.158,2.127],[0,0],[0,0]],"o":[[1.204,-2.057],[0.905,-2.984],[0,0],[0,0],[0,0]],"v":[[113.922,-2.03],[117.086,-9.591],[118.681,-17.257],[123.071,-17.257],[123.071,-2.03]],"c":true},"ix":2},"nm":"д","mn":"ADBE Vector Shape - Group","hd":false},{"ty":"mm","mm":1,"nm":"Merge Paths 1","mn":"ADBE Vector Filter - Merge","hd":false},{"ty":"fl","c":{"a":0,"k":[1,1,1,1],"ix":4},"o":{"a":0,"k":100,"ix":5},"r":1,"nm":"Fill 1","mn":"ADBE Vector Graphic - Fill","hd":false},{"ty":"tr","p":{"a":0,"k":[0,0],"ix":2},"a":{"a":0,"k":[0,0],"ix":1},"s":{"a":0,"k":[100,100],"ix":3},"r":{"a":0,"k":0,"ix":6},"o":{"a":1,"k":[{"i":{"x":[0.414],"y":[1]},"o":{"x":[0.631],"y":[0]},"n":["0p414_1_0p631_0"],"t":81,"s":[0],"e":[100]},{"t":84}],"ix":7},"sk":{"a":0,"k":0,"ix":4},"sa":{"a":0,"k":0,"ix":5},"nm":"Transform"}],"nm":"д","np":5,"cix":2,"ix":18,"mn":"ADBE Vector Group","hd":false},{"ty":"gr","it":[{"ind":0,"ty":"sh","ix":1,"ks":{"a":0,"k":{"i":[[0,0],[0,0],[0,0],[0,0],[0,0],[0,0],[0,0],[0,0],[0,0],[0,0],[0,0],[0,0]],"o":[[0,0],[0,0],[0,0],[0,0],[0,0],[0,0],[0,0],[0,0],[0,0],[0,0],[0,0],[0,0]],"v":[[147.248,-19.274],[145.007,-19.274],[145.007,-11.074],[134.856,-11.074],[134.856,-19.274],[132.614,-19.274],[132.614,0],[134.856,0],[134.856,-9.07],[145.007,-9.07],[145.007,0],[147.248,0]],"c":true},"ix":2},"nm":"н","mn":"ADBE Vector Shape - Group","hd":false},{"ty":"fl","c":{"a":0,"k":[1,1,1,1],"ix":4},"o":{"a":0,"k":100,"ix":5},"r":1,"nm":"Fill 1","mn":"ADBE Vector Graphic - Fill","hd":false},{"ty":"tr","p":{"a":0,"k":[0,0],"ix":2},"a":{"a":0,"k":[0,0],"ix":1},"s":{"a":0,"k":[100,100],"ix":3},"r":{"a":0,"k":0,"ix":6},"o":{"a":1,"k":[{"i":{"x":[0.414],"y":[1]},"o":{"x":[0.631],"y":[0]},"n":["0p414_1_0p631_0"],"t":84,"s":[0],"e":[100]},{"t":87}],"ix":7},"sk":{"a":0,"k":0,"ix":4},"sa":{"a":0,"k":0,"ix":5},"nm":"Transform"}],"nm":"н","np":3,"cix":2,"ix":19,"mn":"ADBE Vector Group","hd":false},{"ty":"gr","it":[{"ind":0,"ty":"sh","ix":1,"ks":{"a":0,"k":{"i":[[0,0],[0,0],[0,0],[0,0],[0,-1.767],[0,0],[0,0],[0,0],[0,0],[0,0],[0,0],[0,1.978],[0,0],[0,0]],"o":[[0,0],[0,0],[0,0],[-0.15,1.943],[0,0],[0,0],[0,0],[0,0],[0,0],[0,0],[0.123,-1.6],[0,0],[0,0],[0,0]],"v":[[154.181,0],[156.633,0],[167.457,-16.176],[167.576,-16.176],[167.351,-10.613],[167.351,0],[169.461,0],[169.461,-19.274],[167.009,-19.274],[156.198,-3.19],[156.093,-3.19],[156.277,-8.556],[156.277,-19.274],[154.181,-19.274]],"c":true},"ix":2},"nm":"и","mn":"ADBE Vector Shape - Group","hd":false},{"ty":"fl","c":{"a":0,"k":[1,1,1,1],"ix":4},"o":{"a":0,"k":100,"ix":5},"r":1,"nm":"Fill 1","mn":"ADBE Vector Graphic - Fill","hd":false},{"ty":"tr","p":{"a":0,"k":[0,0],"ix":2},"a":{"a":0,"k":[0,0],"ix":1},"s":{"a":0,"k":[100,100],"ix":3},"r":{"a":0,"k":0,"ix":6},"o":{"a":1,"k":[{"i":{"x":[0.414],"y":[1]},"o":{"x":[0.631],"y":[0]},"n":["0p414_1_0p631_0"],"t":87,"s":[0],"e":[100]},{"t":90}],"ix":7},"sk":{"a":0,"k":0,"ix":4},"sa":{"a":0,"k":0,"ix":5},"nm":"Transform"}],"nm":"и","np":3,"cix":2,"ix":20,"mn":"ADBE Vector Group","hd":false},{"ty":"gr","it":[{"ind":0,"ty":"sh","ix":1,"ks":{"a":0,"k":{"i":[[0,0],[0,0],[0,0],[0,0],[0,0],[0,0],[0,0],[0,0],[0,0],[0,0],[0,0]],"o":[[0,0],[0,0],[0,0],[0,0],[0,0],[0,0],[0,0],[0,0],[0,0],[0,0],[0,0]],"v":[[181.325,-9.914],[189.854,-19.274],[187.283,-19.274],[178.596,-9.94],[178.596,-19.274],[176.354,-19.274],[176.354,0],[178.596,0],[178.596,-9.769],[187.508,0],[190.223,0]],"c":true},"ix":2},"nm":"к","mn":"ADBE Vector Shape - Group","hd":false},{"ty":"fl","c":{"a":0,"k":[1,1,1,1],"ix":4},"o":{"a":0,"k":100,"ix":5},"r":1,"nm":"Fill 1","mn":"ADBE Vector Graphic - Fill","hd":false},{"ty":"tr","p":{"a":0,"k":[0,0],"ix":2},"a":{"a":0,"k":[0,0],"ix":1},"s":{"a":0,"k":[100,100],"ix":3},"r":{"a":0,"k":0,"ix":6},"o":{"a":1,"k":[{"i":{"x":[0.414],"y":[1]},"o":{"x":[0.631],"y":[0]},"n":["0p414_1_0p631_0"],"t":90,"s":[0],"e":[100]},{"t":93}],"ix":7},"sk":{"a":0,"k":0,"ix":4},"sa":{"a":0,"k":0,"ix":5},"nm":"Transform"}],"nm":"к","np":3,"cix":2,"ix":21,"mn":"ADBE Vector Group","hd":false},{"ty":"gr","it":[{"ind":0,"ty":"sh","ix":1,"ks":{"a":0,"k":{"i":[[1.556,1.758],[2.769,0],[1.547,-1.727],[0,-3.138],[-1.542,-1.736],[-2.839,0],[-1.56,1.767],[0,3.085]],"o":[[-1.556,-1.758],[-2.848,0],[-1.547,1.727],[0,3.164],[1.542,1.736],[2.777,0],[1.56,-1.767],[0,-3.094]],"v":[[208.89,-16.941],[202.403,-19.578],[195.812,-16.987],[193.491,-9.69],[195.805,-2.34],[202.377,0.264],[208.883,-2.386],[211.223,-9.664]],"c":true},"ix":2},"nm":"о","mn":"ADBE Vector Shape - Group","hd":false},{"ind":1,"ty":"sh","ix":2,"ks":{"a":0,"k":{"i":[[-1.112,1.349],[-2.136,0],[-1.086,-1.34],[0,-2.593],[1.09,-1.345],[2.136,0],[1.112,1.349],[0,2.61]],"o":[[1.112,-1.349],[2.127,0],[1.085,1.34],[0,2.619],[-1.09,1.345],[-2.118,0],[-1.112,-1.349],[0,-2.575]],"v":[[197.532,-15.55],[202.403,-17.574],[207.222,-15.563],[208.85,-9.664],[207.215,-3.718],[202.377,-1.701],[197.532,-3.724],[195.864,-9.664]],"c":true},"ix":2},"nm":"о","mn":"ADBE Vector Shape - Group","hd":false},{"ty":"mm","mm":1,"nm":"Merge Paths 1","mn":"ADBE Vector Filter - Merge","hd":false},{"ty":"fl","c":{"a":0,"k":[1,1,1,1],"ix":4},"o":{"a":0,"k":100,"ix":5},"r":1,"nm":"Fill 1","mn":"ADBE Vector Graphic - Fill","hd":false},{"ty":"tr","p":{"a":0,"k":[0,0],"ix":2},"a":{"a":0,"k":[0,0],"ix":1},"s":{"a":0,"k":[100,100],"ix":3},"r":{"a":0,"k":0,"ix":6},"o":{"a":1,"k":[{"i":{"x":[0.414],"y":[1]},"o":{"x":[0.631],"y":[0]},"n":["0p414_1_0p631_0"],"t":93,"s":[0],"e":[100]},{"t":96}],"ix":7},"sk":{"a":0,"k":0,"ix":4},"sa":{"a":0,"k":0,"ix":5},"nm":"Transform"}],"nm":"о","np":5,"cix":2,"ix":22,"mn":"ADBE Vector Group","hd":false},{"ty":"gr","it":[{"ind":0,"ty":"sh","ix":1,"ks":{"a":0,"k":{"i":[[0,0],[0,0],[-1.165,0.967],[0,1.723],[2.927,0.501],[0,0],[-0.637,0.743],[0,1.143],[1.142,0.765],[2.558,0],[0,0]],"o":[[0,0],[2.092,0],[1.164,-0.967],[0,-2.575],[0,0],[1.222,-0.22],[0.637,-0.743],[0,-1.652],[-1.143,-0.765],[0,0],[0,0]],"v":[[217.141,0],[223.865,0],[228.749,-1.45],[230.496,-5.484],[226.106,-10.099],[226.106,-10.23],[228.894,-11.674],[229.85,-14.502],[228.136,-18.127],[222.586,-19.274],[217.141,-19.274]],"c":true},"ix":2},"nm":"в","mn":"ADBE Vector Shape - Group","hd":false},{"ind":1,"ty":"sh","ix":2,"ks":{"a":0,"k":{"i":[[0,0],[0,0],[-0.774,-0.479],[0,-1.081],[0.694,-0.496],[1.582,0],[0,0]],"o":[[0,0],[1.688,0],[0.773,0.479],[0,1.178],[-0.694,0.497],[0,0],[0,0]],"v":[[219.382,-17.336],[222.678,-17.336],[226.37,-16.618],[227.53,-14.278],[226.488,-11.766],[223.074,-11.021],[219.382,-11.021]],"c":true},"ix":2},"nm":"в","mn":"ADBE Vector Shape - Group","hd":false},{"ind":2,"ty":"sh","ix":3,"ks":{"a":0,"k":{"i":[[0,0],[-0.804,-0.562],[0,-1.195],[0.786,-0.602],[1.556,0],[0,0],[0,0]],"o":[[1.643,0],[0.804,0.563],[0,1.283],[-0.787,0.602],[0,0],[0,0],[0,0]],"v":[[223.219,-9.123],[226.89,-8.279],[228.097,-5.643],[226.917,-2.815],[223.403,-1.912],[219.382,-1.912],[219.382,-9.123]],"c":true},"ix":2},"nm":"в","mn":"ADBE Vector Shape - Group","hd":false},{"ty":"mm","mm":1,"nm":"Merge Paths 1","mn":"ADBE Vector Filter - Merge","hd":false},{"ty":"fl","c":{"a":0,"k":[1,1,1,1],"ix":4},"o":{"a":0,"k":100,"ix":5},"r":1,"nm":"Fill 1","mn":"ADBE Vector Graphic - Fill","hd":false},{"ty":"tr","p":{"a":0,"k":[0,0],"ix":2},"a":{"a":0,"k":[0,0],"ix":1},"s":{"a":0,"k":[100,100],"ix":3},"r":{"a":0,"k":0,"ix":6},"o":{"a":1,"k":[{"i":{"x":[0.414],"y":[1]},"o":{"x":[0.631],"y":[0]},"n":["0p414_1_0p631_0"],"t":96,"s":[0],"e":[100]},{"t":99}],"ix":7},"sk":{"a":0,"k":0,"ix":4},"sa":{"a":0,"k":0,"ix":5},"nm":"Transform"}],"nm":"в","np":6,"cix":2,"ix":23,"mn":"ADBE Vector Group","hd":false}],"ip":4,"op":1811.80780780781,"st":4,"bm":0}],"markers":[]}